Camion DAF XF 440 FT 430 CP,camiondafxf440ft430cp,100000,90000,1,daf_xf_440.jpg
Camion Scania R 2009 360 CP,camionscaniar2009360cp,127000,89000,0,scania_r_2009.jpg
Camion DAF XF 530 522 CP,camiondafxf530522cp,135000,109658,1,daf_xf_530.jpg
Camion Renault Magnum 440 CP,camionrenaultmagnum440cp,114789,105456,0,renault-magnum.jpg
Camion Scania R8 660 CP,camionscaniar8660cp,325000,301000,1,scania-r8.jpg
Camion Mercedes Actros,camionmercedesactros,240000,235000,1,mercedes-actros.jpg
Camion Volvo FH16 420 CP,camionvolvofh16420cp,250000,245000,0,volvo-fh16.jpg
Camion DAF XF 480 476 CP,camiondafxf480476cp,189000,176000,0,daf_xf_480.jpg
Camion MAN TGX XLX 490 CP,camionmantgxxlx490cp,168345,160000,1,man_tgx_xlx.jpg
Camion Iveco Stralis 350 CP,camionivecostralis350cp,206000,200000,0,iveco-stralis.jpg
Camion Volvo FH12 440 CP,camionvolvofh12440cp,230000,220000,0,volvo-fh12.jpg
Camion Scania G480 480 CP,camionscaniag480480cp,190000,185000,1,scania-g480.jpg
Camion Volvo FH500 510 CP,camionvolvofh500510cp,270000,265467,1,volvo-fh500.jpg
Camion MAN TGX 18 400 CP,camionmantgx18400cp,146753,140325,0,man_tgx_18.400.jpg
Camion Mercedes Benz A476 CP,camionmercedesbenza476cp,210456,209000,0,mercedes-benz-actros.jpg
Camion MAN TGX26 500 CP,camionmantgx26500cp,169567,159000,0,man_tgx25.jpg
Camion Mercedes Benz 1948 320 CP,camionmercedesbenz1948320cp,179345,175000,0,mercedes-1948.jpg
Camion DAF XF Euro 6 500 CP,camiondafxfeuro6500cp,240000,230000,1,daf_xf_euro_6.jpg
Camion Scania R10 410 CP,camionscaniar10410cp,190000,187000,1,scania-r10.jpg
Camion Volvo FH420 309 CP,camionvolvofh420309cp,97000,91500,0,volvo-fh420.jpg
Camion MAN TGX 18 480 CP,camionmantgx18480cp,180000,17500,0,man_tgx_18_480.jpg
Camion Mercedes Benz 18 421 CP,camionmercedesbenz18421cp,160000,150000,0,mercedes-1842.jpg
Camion Volvo Euro 6,camionvolvoeuro6,260000,240000,1,volvo-euro6.jpg
Camion Scania Streamline 500 CP,camionscaniastreamline500cp,370000,350000,0,scania-streamline.jpg
Camion DAF XF 105 410 CP,camiondafxf105410cp,320000,250000,1,daf-xf-105.jpg
Camion Renault Premium 460 CP,camionrenaultpremium460cp,280000,278298,0,renault-premium.jpg
Camion Scania G440 441 CP,camionscaniag440441cp,214900,210435,0,scania-g440.jpg
Camion Volvo FH 460 469 CP,camionvolvofh460469cp,348700,347900,0,volvo-fh460.jpg
Camion Iveco AS440 480 CP,camionivecoas440480cp,267000,230000,0,iveco-as440.jpg
Camion Renault T 469 CP,camionrenaultt469cp,420000,389000,0,renault-t.jpg
Camion Scania R480 481 CP,camionscaniar480481cp,363000,360000,1,scania-r480.jpg
Camion MAN TGX 18  480 CP,camionmantgx18480cp,256000,255999,0,man_tgx_18480.jpg
Camion Mercedes Benz 18 450 CP,camionmercedesbenz18450cp,214000,213000,0,mercedes-1845.jpg
Camion Volvo FH540 540 CP,camionvolvofh540540cp,400000,390000,1,volvo-fh540.jpg
Camion Scania 450S 450 CP,camionscania450s450cp,278000,265000,0,scania-450S.jpg
Camion DAF XF 95 530 CP,camiondafxf95530cp,239000,234000,0,daf-xf-95530.jpg
Camion Renault Lander 450 CP,camionrenaultlander450cp,160000,157000,0,renault-lander.jpg
Camion DAF 85CF 360 CP,camiondaf85cf360cp,148000,145000,0,daf-85cf.jpg
Camion Volvo FH4 460 CP,camionvolvofh4460cp,159000,156000,1,volvo-fh4.jpg
Camion Scania R450 457 CP,camionscaniar450457cp,243000,241000,0,scania-r450.jpg
Camion Scania S 730 CP,camionscaniascp,478000,459000,1,scania-s-730.jpg
Camion Iveco Trakker 440 CP,camionivecotrakker440cp,360000,347000,0,iveco-trakker.jpg
Camion MAN TGX 18 440 CP,camionmantgx18440cp,240000,230000,0,man_tgx_18_440.jpg
Camion Volvo FH13 460 CP,camionvolvofh13460cp,140000,125000,0,volvo-fh13.jpg
Camion Scania R410 413 CP,camionscaniar410413cp,189000,180000,1,scania-r410.jpg
Camion Mercedes Benz Atego 180 CP,camionmercedesbenzatego180cp,91000,90000,0,mercedes-atego.jpg
Camion Renault DXI 410 CP,camionrenaultdxi410cp,140000,135000,0,renault-dxi.jpg
Camion Scania P450 450 CP,camionscaniap450450cp,240000,210000,0,scania-p450.jpg
Camion DAF XF460 462 CP,camiondafxf460462cp,200000,198000,0,daf_xf_460.jpg
Camion MAN TGS 441 CP,camionmantgs441cp,218000,215000,0,man_tgs.jpg
Camion Volvo FH480 490 CP,camionvolvofh480490cp,180000,176000,0,volvo-fh480.jpg
Camion Scania R620 620 CP,camionscaniar620620cp,194000,193000,0,scania-r620.jpg
Camion Iveco 460 460 CP,camioniveco460460cp,203000,200000,0,iveco-460.jpg
